{"cameraMode":{"drawMode":0,"name":"Shaded","section":"Shading Mode"},"sceneLighting":true,"audioPlay":false,"sceneViewState":{"showFog":true,"showMaterialUpdate":false,"showSkybox":true,"showFlares":true,"showImageEffects":true,"showParticleSystems":true},"in2DMode":false,"pivot":{"x":284.12249755859377,"y":789.0750122070313,"z":0.0},"rotation":{"x":0.667249858379364,"y":-0.0018244851380586625,"z":0.001571875181980431,"w":0.7448636293411255},"size":201.45040893554688,"orthographic":true}