{"cameraMode":{"drawMode":0,"name":"Shaded","section":"Shading Mode"},"sceneLighting":true,"audioPlay":false,"sceneViewState":{"showFog":true,"showMaterialUpdate":false,"showSkybox":true,"showFlares":true,"showImageEffects":true,"showParticleSystems":true},"in2DMode":false,"pivot":{"x":0.8742008209228516,"y":-1.45703125,"z":-1.3837890625},"rotation":{"x":0.6690309643745422,"y":0.0022249952889978887,"z":-0.002012646058574319,"w":0.7432439923286438},"size":26.57245635986328,"orthographic":true}